76,M,1,A,0.4673,ambiguous,2023-10-07 18:48:55.971077
76,M,1,C,0.3828,ambiguous,2023-10-07 18:48:55.971077
76,M,1,D,0.8267,pathogenic,2023-10-07 18:48:55.971077
76,M,1,E,0.5236,ambiguous,2023-10-07 18:48:55.971077
76,M,1,F,0.2753,benign,2023-10-07 18:48:55.971077
76,M,1,G,0.5476,ambiguous,2023-10-07 18:48:55.971077
76,M,1,H,0.5517,ambiguous,2023-10-07 18:48:55.971077
76,M,1,I,0.321,benign,2023-10-07 18:48:55.971077
76,M,1,K,0.2877,benign,2023-10-07 18:48:55.971077
76,M,1,L,0.1751,benign,2023-10-07 18:48:55.971077
76,M,1,N,0.5724,pathogenic,2023-10-07 18:48:55.971077
76,M,1,P,0.6124,pathogenic,2023-10-07 18:48:55.971077
76,M,1,Q,0.2625,benign,2023-10-07 18:48:55.971077
76,M,1,R,0.2678,benign,2023-10-07 18:48:55.971077
76,M,1,S,0.4769,ambiguous,2023-10-07 18:48:55.971077
76,M,1,T,0.3971,ambiguous,2023-10-07 18:48:55.971077
76,M,1,V,0.1025,benign,2023-10-07 18:48:55.971077
76,M,1,W,0.3668,ambiguous,2023-10-07 18:48:55.971077
76,M,1,Y,0.4667,ambiguous,2023-10-07 18:48:55.971077
76,S,2,A,0.0871,benign,2023-10-07 18:48:55.971077
76,S,2,C,0.1278,benign,2023-10-07 18:48:55.971077
76,S,2,D,0.2765,benign,2023-10-07 18:48:55.971077
76,S,2,E,0.3726,ambiguous,2023-10-07 18:48:55.971077
76,S,2,F,0.1691,benign,2023-10-07 18:48:55.971077
76,S,2,G,0.0916,benign,2023-10-07 18:48:55.971077
76,S,2,H,0.3094,benign,2023-10-07 18:48:55.971077
76,S,2,I,0.1957,benign,2023-10-07 18:48:55.971077
76,S,2,K,0.4607,ambiguous,2023-10-07 18:48:55.971077
76,S,2,L,0.1742,benign,2023-10-07 18:48:55.971077
76,S,2,M,0.2713,benign,2023-10-07 18:48:55.971077
76,S,2,N,0.1827,benign,2023-10-07 18:48:55.971077
76,S,2,P,0.115,benign,2023-10-07 18:48:55.971077
76,S,2,Q,0.4171,ambiguous,2023-10-07 18:48:55.971077
76,S,2,R,0.3969,ambiguous,2023-10-07 18:48:55.971077
76,S,2,T,0.1015,benign,2023-10-07 18:48:55.971077
76,S,2,V,0.207,benign,2023-10-07 18:48:55.971077
76,S,2,W,0.2699,benign,2023-10-07 18:48:55.971077
76,S,2,Y,0.1662,benign,2023-10-07 18:48:55.971077
76,S,3,A,0.1005,benign,2023-10-07 18:48:55.971077
76,S,3,C,0.0902,benign,2023-10-07 18:48:55.971077
76,S,3,D,0.1527,benign,2023-10-07 18:48:55.971077
76,S,3,E,0.2619,benign,2023-10-07 18:48:55.971077
76,S,3,F,0.2072,benign,2023-10-07 18:48:55.971077
76,S,3,G,0.0517,benign,2023-10-07 18:48:55.971077
76,S,3,H,0.2165,benign,2023-10-07 18:48:55.971077
76,S,3,I,0.1394,benign,2023-10-07 18:48:55.971077
76,S,3,K,0.3378,benign,2023-10-07 18:48:55.971077
76,S,3,L,0.1893,benign,2023-10-07 18:48:55.971077
76,S,3,M,0.2854,benign,2023-10-07 18:48:55.971077
76,S,3,N,0.1461,benign,2023-10-07 18:48:55.971077
76,S,3,P,0.2119,benign,2023-10-07 18:48:55.971077
76,S,3,Q,0.3173,benign,2023-10-07 18:48:55.971077
76,S,3,R,0.2464,benign,2023-10-07 18:48:55.971077
76,S,3,T,0.1023,benign,2023-10-07 18:48:55.971077
76,S,3,V,0.1443,benign,2023-10-07 18:48:55.971077
76,S,3,W,0.2193,benign,2023-10-07 18:48:55.971077
76,S,3,Y,0.1581,benign,2023-10-07 18:48:55.971077
76,H,4,A,0.1428,benign,2023-10-07 18:48:55.971077
76,H,4,C,0.0763,benign,2023-10-07 18:48:55.971077
76,H,4,D,0.1405,benign,2023-10-07 18:48:55.971077
76,H,4,E,0.1662,benign,2023-10-07 18:48:55.971077
76,H,4,F,0.2236,benign,2023-10-07 18:48:55.971077
76,H,4,G,0.1155,benign,2023-10-07 18:48:55.971077
76,H,4,I,0.1986,benign,2023-10-07 18:48:55.971077
76,H,4,K,0.1061,benign,2023-10-07 18:48:55.971077
76,H,4,L,0.1166,benign,2023-10-07 18:48:55.971077
76,H,4,M,0.3334,benign,2023-10-07 18:48:55.971077
76,H,4,N,0.1395,benign,2023-10-07 18:48:55.971077
76,H,4,P,0.0966,benign,2023-10-07 18:48:55.971077
76,H,4,Q,0.1009,benign,2023-10-07 18:48:55.971077
76,H,4,R,0.0469,benign,2023-10-07 18:48:55.971077
76,H,4,S,0.145,benign,2023-10-07 18:48:55.971077
76,H,4,T,0.1555,benign,2023-10-07 18:48:55.971077
76,H,4,V,0.1652,benign,2023-10-07 18:48:55.971077
76,H,4,W,0.1339,benign,2023-10-07 18:48:55.971077
76,H,4,Y,0.0917,benign,2023-10-07 18:48:55.971077
76,E,5,A,0.1068,benign,2023-10-07 18:48:55.971077
76,E,5,C,0.5377,ambiguous,2023-10-07 18:48:55.971077
76,E,5,D,0.1414,benign,2023-10-07 18:48:55.971077
76,E,5,F,0.509,ambiguous,2023-10-07 18:48:55.971077
76,E,5,G,0.101,benign,2023-10-07 18:48:55.971077
76,E,5,H,0.2582,benign,2023-10-07 18:48:55.971077
76,E,5,I,0.2465,benign,2023-10-07 18:48:55.971077
76,E,5,K,0.0695,benign,2023-10-07 18:48:55.971077
76,E,5,L,0.2573,benign,2023-10-07 18:48:55.971077
76,E,5,M,0.3155,benign,2023-10-07 18:48:55.971077
76,E,5,N,0.2324,benign,2023-10-07 18:48:55.971077
76,E,5,P,0.2904,benign,2023-10-07 18:48:55.971077
76,E,5,Q,0.0914,benign,2023-10-07 18:48:55.971077
76,E,5,R,0.1108,benign,2023-10-07 18:48:55.971077
76,E,5,S,0.16,benign,2023-10-07 18:48:55.971077
76,E,5,T,0.1533,benign,2023-10-07 18:48:55.971077
76,E,5,V,0.1555,benign,2023-10-07 18:48:55.971077
76,E,5,W,0.5793,pathogenic,2023-10-07 18:48:55.971077
76,E,5,Y,0.3529,ambiguous,2023-10-07 18:48:55.971077
76,G,6,A,0.1143,benign,2023-10-07 18:48:55.971077
76,G,6,C,0.159,benign,2023-10-07 18:48:55.971077
76,G,6,D,0.1299,benign,2023-10-07 18:48:55.971077
76,G,6,E,0.1607,benign,2023-10-07 18:48:55.971077
76,G,6,F,0.404,ambiguous,2023-10-07 18:48:55.971077
76,G,6,H,0.3084,benign,2023-10-07 18:48:55.971077
76,G,6,I,0.2164,benign,2023-10-07 18:48:55.971077
76,G,6,K,0.2888,benign,2023-10-07 18:48:55.971077
76,G,6,L,0.3862,ambiguous,2023-10-07 18:48:55.971077
76,G,6,M,0.3994,ambiguous,2023-10-07 18:48:55.971077
76,G,6,N,0.2627,benign,2023-10-07 18:48:55.971077
76,G,6,P,0.5218,ambiguous,2023-10-07 18:48:55.971077
76,G,6,Q,0.2966,benign,2023-10-07 18:48:55.971077
76,G,6,R,0.1976,benign,2023-10-07 18:48:55.971077
76,G,6,S,0.1193,benign,2023-10-07 18:48:55.971077
76,G,6,T,0.1662,benign,2023-10-07 18:48:55.971077
76,G,6,V,0.1463,benign,2023-10-07 18:48:55.971077
76,G,6,W,0.2374,benign,2023-10-07 18:48:55.971077
76,G,6,Y,0.2489,benign,2023-10-07 18:48:55.971077
76,G,7,A,0.1586,benign,2023-10-07 18:48:55.971077
76,G,7,C,0.1616,benign,2023-10-07 18:48:55.971077
76,G,7,D,0.1637,benign,2023-10-07 18:48:55.971077
76,G,7,E,0.1835,benign,2023-10-07 18:48:55.971077
76,G,7,F,0.4067,ambiguous,2023-10-07 18:48:55.971077
76,G,7,H,0.2976,benign,2023-10-07 18:48:55.971077
76,G,7,I,0.2405,benign,2023-10-07 18:48:55.971077
76,G,7,K,0.268,benign,2023-10-07 18:48:55.971077
76,G,7,L,0.3769,ambiguous,2023-10-07 18:48:55.971077
76,G,7,M,0.4283,ambiguous,2023-10-07 18:48:55.971077
76,G,7,N,0.2895,benign,2023-10-07 18:48:55.971077
76,G,7,P,0.5384,ambiguous,2023-10-07 18:48:55.971077
76,G,7,Q,0.2556,benign,2023-10-07 18:48:55.971077
76,G,7,R,0.1695,benign,2023-10-07 18:48:55.971077
76,G,7,S,0.1148,benign,2023-10-07 18:48:55.971077
76,G,7,T,0.1973,benign,2023-10-07 18:48:55.971077
76,G,7,V,0.1824,benign,2023-10-07 18:48:55.971077
76,G,7,W,0.2246,benign,2023-10-07 18:48:55.971077
76,G,7,Y,0.2767,benign,2023-10-07 18:48:55.971077
76,K,8,A,0.327,benign,2023-10-07 18:48:55.971077
76,K,8,C,0.5828,pathogenic,2023-10-07 18:48:55.971077
76,K,8,D,0.4415,ambiguous,2023-10-07 18:48:55.971077
76,K,8,E,0.1346,benign,2023-10-07 18:48:55.971077
76,K,8,F,0.6518,pathogenic,2023-10-07 18:48:55.971077
76,K,8,G,0.2747,benign,2023-10-07 18:48:55.971077
76,K,8,H,0.3706,ambiguous,2023-10-07 18:48:55.971077
76,K,8,I,0.3217,benign,2023-10-07 18:48:55.971077
76,K,8,L,0.3453,ambiguous,2023-10-07 18:48:55.971077
76,K,8,M,0.2284,benign,2023-10-07 18:48:55.971077
76,K,8,N,0.3342,benign,2023-10-07 18:48:55.971077
76,K,8,P,0.4603,ambiguous,2023-10-07 18:48:55.971077
76,K,8,Q,0.1455,benign,2023-10-07 18:48:55.971579
76,K,8,R,0.0936,benign,2023-10-07 18:48:55.971579
76,K,8,S,0.3515,ambiguous,2023-10-07 18:48:55.971579
76,K,8,T,0.2197,benign,2023-10-07 18:48:55.971579
76,K,8,V,0.3287,benign,2023-10-07 18:48:55.971579
76,K,8,W,0.5983,pathogenic,2023-10-07 18:48:55.971579
76,K,8,Y,0.5129,ambiguous,2023-10-07 18:48:55.971579
76,K,9,A,0.2124,benign,2023-10-07 18:48:55.971579
76,K,9,C,0.5261,ambiguous,2023-10-07 18:48:55.971579
76,K,9,D,0.3929,ambiguous,2023-10-07 18:48:55.971579
76,K,9,E,0.1096,benign,2023-10-07 18:48:55.971579
76,K,9,F,0.5749,pathogenic,2023-10-07 18:48:55.971579
76,K,9,G,0.2017,benign,2023-10-07 18:48:55.971579
76,K,9,H,0.3565,ambiguous,2023-10-07 18:48:55.971579
76,K,9,I,0.2282,benign,2023-10-07 18:48:55.971579
76,K,9,L,0.2286,benign,2023-10-07 18:48:55.971579
76,K,9,M,0.154,benign,2023-10-07 18:48:55.971579
76,K,9,N,0.2752,benign,2023-10-07 18:48:55.971579
76,K,9,P,0.338,benign,2023-10-07 18:48:55.971579
76,K,9,Q,0.1147,benign,2023-10-07 18:48:55.971579
76,K,9,R,0.0912,benign,2023-10-07 18:48:55.971579
76,K,9,S,0.2923,benign,2023-10-07 18:48:55.971579
76,K,9,T,0.1517,benign,2023-10-07 18:48:55.971579
76,K,9,V,0.2157,benign,2023-10-07 18:48:55.971579
76,K,9,W,0.5573,ambiguous,2023-10-07 18:48:55.971579
76,K,9,Y,0.4373,ambiguous,2023-10-07 18:48:55.971579
76,K,10,A,0.1829,benign,2023-10-07 18:48:55.971579
76,K,10,C,0.5799,pathogenic,2023-10-07 18:48:55.971579
76,K,10,D,0.3386,benign,2023-10-07 18:48:55.971579
76,K,10,E,0.1094,benign,2023-10-07 18:48:55.971579
76,K,10,F,0.4944,ambiguous,2023-10-07 18:48:55.971579
76,K,10,G,0.2523,benign,2023-10-07 18:48:55.971579
76,K,10,H,0.3001,benign,2023-10-07 18:48:55.971579
76,K,10,I,0.1885,benign,2023-10-07 18:48:55.971579
76,K,10,L,0.2338,benign,2023-10-07 18:48:55.971579
76,K,10,M,0.1352,benign,2023-10-07 18:48:55.971579
76,K,10,N,0.2463,benign,2023-10-07 18:48:55.971579
76,K,10,P,0.2714,benign,2023-10-07 18:48:55.971579
76,K,10,Q,0.1382,benign,2023-10-07 18:48:55.971579
76,K,10,R,0.1067,benign,2023-10-07 18:48:55.971579
76,K,10,S,0.2826,benign,2023-10-07 18:48:55.971579
76,K,10,T,0.1257,benign,2023-10-07 18:48:55.971579
76,K,10,V,0.1883,benign,2023-10-07 18:48:55.971579
76,K,10,W,0.5878,pathogenic,2023-10-07 18:48:55.971579
76,K,10,Y,0.3707,ambiguous,2023-10-07 18:48:55.971579
76,A,11,C,0.2386,benign,2023-10-07 18:48:55.971579
76,A,11,D,0.1535,benign,2023-10-07 18:48:55.971579
76,A,11,E,0.1472,benign,2023-10-07 18:48:55.971579
76,A,11,F,0.2179,benign,2023-10-07 18:48:55.971579
76,A,11,G,0.1179,benign,2023-10-07 18:48:55.971579
76,A,11,H,0.1679,benign,2023-10-07 18:48:55.971579
76,A,11,I,0.1452,benign,2023-10-07 18:48:55.971579
76,A,11,K,0.187,benign,2023-10-07 18:48:55.971579
76,A,11,L,0.1221,benign,2023-10-07 18:48:55.971579
76,A,11,M,0.2113,benign,2023-10-07 18:48:55.971579
76,A,11,N,0.1677,benign,2023-10-07 18:48:55.971579
76,A,11,P,0.0386,benign,2023-10-07 18:48:55.971579
76,A,11,Q,0.1659,benign,2023-10-07 18:48:55.971579
76,A,11,R,0.1475,benign,2023-10-07 18:48:55.971579
76,A,11,S,0.0948,benign,2023-10-07 18:48:55.971579
76,A,11,T,0.0922,benign,2023-10-07 18:48:55.971579
76,A,11,V,0.0994,benign,2023-10-07 18:48:55.971579
76,A,11,W,0.3703,ambiguous,2023-10-07 18:48:55.971579
76,A,11,Y,0.2077,benign,2023-10-07 18:48:55.971579
76,L,12,A,0.1328,benign,2023-10-07 18:48:55.971579
76,L,12,C,0.261,benign,2023-10-07 18:48:55.971579
76,L,12,D,0.422,ambiguous,2023-10-07 18:48:55.971579
76,L,12,E,0.207,benign,2023-10-07 18:48:55.971579
76,L,12,F,0.1341,benign,2023-10-07 18:48:55.971579
76,L,12,G,0.2332,benign,2023-10-07 18:48:55.971579
76,L,12,H,0.1757,benign,2023-10-07 18:48:55.971579
76,L,12,I,0.0931,benign,2023-10-07 18:48:55.971579
76,L,12,K,0.1283,benign,2023-10-07 18:48:55.971579
76,L,12,M,0.1053,benign,2023-10-07 18:48:55.971579
76,L,12,N,0.2513,benign,2023-10-07 18:48:55.971579
76,L,12,P,0.112,benign,2023-10-07 18:48:55.971579
76,L,12,Q,0.1037,benign,2023-10-07 18:48:55.971579
76,L,12,R,0.1107,benign,2023-10-07 18:48:55.971579
76,L,12,S,0.1515,benign,2023-10-07 18:48:55.971579
76,L,12,T,0.1384,benign,2023-10-07 18:48:55.971579
76,L,12,V,0.0815,benign,2023-10-07 18:48:55.971579
76,L,12,W,0.1318,benign,2023-10-07 18:48:55.971579
76,L,12,Y,0.2778,benign,2023-10-07 18:48:55.971579
76,K,13,A,0.3801,ambiguous,2023-10-07 18:48:55.971579
76,K,13,C,0.5745,pathogenic,2023-10-07 18:48:55.971579
76,K,13,D,0.5642,pathogenic,2023-10-07 18:48:55.971579
76,K,13,E,0.2053,benign,2023-10-07 18:48:55.971579
76,K,13,F,0.6478,pathogenic,2023-10-07 18:48:55.971579
76,K,13,G,0.382,ambiguous,2023-10-07 18:48:55.971579
76,K,13,H,0.3291,benign,2023-10-07 18:48:55.971579
76,K,13,I,0.3106,benign,2023-10-07 18:48:55.971579
76,K,13,L,0.3138,benign,2023-10-07 18:48:55.971579
76,K,13,M,0.2657,benign,2023-10-07 18:48:55.971579
76,K,13,N,0.4336,ambiguous,2023-10-07 18:48:55.971579
76,K,13,P,0.4149,ambiguous,2023-10-07 18:48:55.971579
76,K,13,Q,0.1525,benign,2023-10-07 18:48:55.971579
76,K,13,R,0.1006,benign,2023-10-07 18:48:55.971579
76,K,13,S,0.4265,ambiguous,2023-10-07 18:48:55.971579
76,K,13,T,0.2475,benign,2023-10-07 18:48:55.971579
76,K,13,V,0.3566,ambiguous,2023-10-07 18:48:55.971579
76,K,13,W,0.605,pathogenic,2023-10-07 18:48:55.971579
76,K,13,Y,0.5068,ambiguous,2023-10-07 18:48:55.971579
76,Q,14,A,0.1285,benign,2023-10-07 18:48:55.971579
76,Q,14,C,0.4796,ambiguous,2023-10-07 18:48:55.971579
76,Q,14,D,0.3219,benign,2023-10-07 18:48:55.971579
76,Q,14,E,0.0842,benign,2023-10-07 18:48:55.971579
76,Q,14,F,0.4627,ambiguous,2023-10-07 18:48:55.971579
76,Q,14,G,0.1723,benign,2023-10-07 18:48:55.971579
76,Q,14,H,0.2032,benign,2023-10-07 18:48:55.971579
76,Q,14,I,0.2005,benign,2023-10-07 18:48:55.971579
76,Q,14,K,0.0883,benign,2023-10-07 18:48:55.971579
76,Q,14,L,0.1013,benign,2023-10-07 18:48:55.971579
76,Q,14,M,0.2441,benign,2023-10-07 18:48:55.971579
76,Q,14,N,0.2278,benign,2023-10-07 18:48:55.971579
76,Q,14,P,0.0963,benign,2023-10-07 18:48:55.971579
76,Q,14,R,0.1124,benign,2023-10-07 18:48:55.971579
76,Q,14,S,0.1636,benign,2023-10-07 18:48:55.971579
76,Q,14,T,0.147,benign,2023-10-07 18:48:55.971579
76,Q,14,V,0.1379,benign,2023-10-07 18:48:55.971579
76,Q,14,W,0.299,benign,2023-10-07 18:48:55.971579
76,Q,14,Y,0.3051,benign,2023-10-07 18:48:55.971579
76,P,15,A,0.0796,benign,2023-10-07 18:48:55.971579
76,P,15,C,0.3319,benign,2023-10-07 18:48:55.971579
76,P,15,D,0.3371,benign,2023-10-07 18:48:55.971579
76,P,15,E,0.2025,benign,2023-10-07 18:48:55.971579
76,P,15,F,0.4202,ambiguous,2023-10-07 18:48:55.971579
76,P,15,G,0.204,benign,2023-10-07 18:48:55.971579
76,P,15,H,0.1645,benign,2023-10-07 18:48:55.971579
76,P,15,I,0.2647,benign,2023-10-07 18:48:55.971579
76,P,15,K,0.1569,benign,2023-10-07 18:48:55.971579
76,P,15,L,0.1468,benign,2023-10-07 18:48:55.971579
76,P,15,M,0.2969,benign,2023-10-07 18:48:55.971579
76,P,15,N,0.278,benign,2023-10-07 18:48:55.971579
76,P,15,Q,0.1323,benign,2023-10-07 18:48:55.971579
76,P,15,R,0.1243,benign,2023-10-07 18:48:55.971579
76,P,15,S,0.1271,benign,2023-10-07 18:48:55.971579
76,P,15,T,0.1112,benign,2023-10-07 18:48:55.971579
76,P,15,V,0.1891,benign,2023-10-07 18:48:55.971579
76,P,15,W,0.4147,ambiguous,2023-10-07 18:48:55.971579
76,P,15,Y,0.327,benign,2023-10-07 18:48:55.971579
76,K,16,A,0.28,benign,2023-10-07 18:48:55.971579
76,K,16,C,0.5884,pathogenic,2023-10-07 18:48:55.971579
76,K,16,D,0.471,ambiguous,2023-10-07 18:48:55.971579
76,K,16,E,0.1326,benign,2023-10-07 18:48:55.971579
76,K,16,F,0.668,pathogenic,2023-10-07 18:48:55.971579
76,K,16,G,0.2699,benign,2023-10-07 18:48:55.971579
76,K,16,H,0.3733,ambiguous,2023-10-07 18:48:55.971579
76,K,16,I,0.3157,benign,2023-10-07 18:48:55.971579
76,K,16,L,0.2963,benign,2023-10-07 18:48:55.971579
76,K,16,M,0.2332,benign,2023-10-07 18:48:55.971579
76,K,16,N,0.3702,ambiguous,2023-10-07 18:48:55.971579
76,K,16,P,0.3922,ambiguous,2023-10-07 18:48:55.971579
76,K,16,Q,0.133,benign,2023-10-07 18:48:55.971579
76,K,16,R,0.089,benign,2023-10-07 18:48:55.971579
76,K,16,S,0.3437,ambiguous,2023-10-07 18:48:55.971579
76,K,16,T,0.2151,benign,2023-10-07 18:48:55.971579
76,K,16,V,0.284,benign,2023-10-07 18:48:55.971579
76,K,16,W,0.5954,pathogenic,2023-10-07 18:48:55.971579
76,K,16,Y,0.5392,ambiguous,2023-10-07 18:48:55.971579
76,K,17,A,0.2482,benign,2023-10-07 18:48:55.971579
76,K,17,C,0.5458,ambiguous,2023-10-07 18:48:55.971579
76,K,17,D,0.4208,ambiguous,2023-10-07 18:48:55.971579
76,K,17,E,0.1362,benign,2023-10-07 18:48:55.971579
76,K,17,F,0.5312,ambiguous,2023-10-07 18:48:55.971579
76,K,17,G,0.259,benign,2023-10-07 18:48:55.971579
76,K,17,H,0.3093,benign,2023-10-07 18:48:55.971579
76,K,17,I,0.2048,benign,2023-10-07 18:48:55.971579
76,K,17,L,0.2527,benign,2023-10-07 18:48:55.971579
76,K,17,M,0.16,benign,2023-10-07 18:48:55.971579
76,K,17,N,0.2886,benign,2023-10-07 18:48:55.971579
76,K,17,P,0.3827,ambiguous,2023-10-07 18:48:55.971579
76,K,17,Q,0.131,benign,2023-10-07 18:48:55.971579
76,K,17,R,0.0996,benign,2023-10-07 18:48:55.971579
76,K,17,S,0.3013,benign,2023-10-07 18:48:55.971579
76,K,17,T,0.162,benign,2023-10-07 18:48:55.971579
76,K,17,V,0.2177,benign,2023-10-07 18:48:55.971579
76,K,17,W,0.5592,ambiguous,2023-10-07 18:48:55.971579
76,K,17,Y,0.418,ambiguous,2023-10-07 18:48:55.971579
76,Q,18,A,0.0954,benign,2023-10-07 18:48:55.971579
76,Q,18,C,0.4855,ambiguous,2023-10-07 18:48:55.971579
76,Q,18,D,0.1857,benign,2023-10-07 18:48:55.971579
76,Q,18,E,0.0604,benign,2023-10-07 18:48:55.971579
76,Q,18,F,0.4766,ambiguous,2023-10-07 18:48:55.971579
76,Q,18,G,0.1305,benign,2023-10-07 18:48:55.971579
76,Q,18,H,0.2018,benign,2023-10-07 18:48:55.971579
76,Q,18,I,0.1847,benign,2023-10-07 18:48:55.971579
76,Q,18,K,0.0755,benign,2023-10-07 18:48:55.971579
76,Q,18,L,0.1002,benign,2023-10-07 18:48:55.971579
76,Q,18,M,0.2074,benign,2023-10-07 18:48:55.971579
76,Q,18,N,0.1891,benign,2023-10-07 18:48:55.971579
76,Q,18,P,0.0778,benign,2023-10-07 18:48:55.971579
76,Q,18,R,0.1049,benign,2023-10-07 18:48:55.971579
76,Q,18,S,0.1374,benign,2023-10-07 18:48:55.971579
76,Q,18,T,0.1038,benign,2023-10-07 18:48:55.971579
76,Q,18,V,0.1099,benign,2023-10-07 18:48:55.971579
76,Q,18,W,0.2984,benign,2023-10-07 18:48:55.971579
76,Q,18,Y,0.3319,benign,2023-10-07 18:48:55.971579
76,A,19,C,0.294,benign,2023-10-07 18:48:55.971579
76,A,19,D,0.1226,benign,2023-10-07 18:48:55.971579
76,A,19,E,0.114,benign,2023-10-07 18:48:55.971579
76,A,19,F,0.2268,benign,2023-10-07 18:48:55.971579
76,A,19,G,0.0908,benign,2023-10-07 18:48:55.971579
76,A,19,H,0.267,benign,2023-10-07 18:48:55.971579
76,A,19,I,0.1658,benign,2023-10-07 18:48:55.971579
76,A,19,K,0.1749,benign,2023-10-07 18:48:55.971579
76,A,19,L,0.1437,benign,2023-10-07 18:48:55.971579
76,A,19,M,0.1834,benign,2023-10-07 18:48:55.971579
76,A,19,N,0.1429,benign,2023-10-07 18:48:55.971579
76,A,19,P,0.1124,benign,2023-10-07 18:48:55.971579
76,A,19,Q,0.1619,benign,2023-10-07 18:48:55.971579
76,A,19,R,0.1778,benign,2023-10-07 18:48:55.971579
76,A,19,S,0.0858,benign,2023-10-07 18:48:55.971579
76,A,19,T,0.0806,benign,2023-10-07 18:48:55.971579
76,A,19,V,0.0934,benign,2023-10-07 18:48:55.971579
76,A,19,W,0.4338,ambiguous,2023-10-07 18:48:55.971579
76,A,19,Y,0.2691,benign,2023-10-07 18:48:55.971579
76,K,20,A,0.1751,benign,2023-10-07 18:48:55.971579
76,K,20,C,0.5642,pathogenic,2023-10-07 18:48:55.971579
76,K,20,D,0.3315,benign,2023-10-07 18:48:55.971579
76,K,20,E,0.0935,benign,2023-10-07 18:48:55.971579
76,K,20,F,0.5652,pathogenic,2023-10-07 18:48:55.971579
76,K,20,G,0.1956,benign,2023-10-07 18:48:55.971579
76,K,20,H,0.3464,ambiguous,2023-10-07 18:48:55.971579
76,K,20,I,0.2389,benign,2023-10-07 18:48:55.971579
76,K,20,L,0.2569,benign,2023-10-07 18:48:55.971579
76,K,20,M,0.1643,benign,2023-10-07 18:48:55.971579
76,K,20,N,0.2854,benign,2023-10-07 18:48:55.971579
76,K,20,P,0.3722,ambiguous,2023-10-07 18:48:55.971579
76,K,20,Q,0.1271,benign,2023-10-07 18:48:55.971579
76,K,20,R,0.0897,benign,2023-10-07 18:48:55.971579
76,K,20,S,0.2496,benign,2023-10-07 18:48:55.971579
76,K,20,T,0.131,benign,2023-10-07 18:48:55.971579
76,K,20,V,0.1944,benign,2023-10-07 18:48:55.971579
76,K,20,W,0.5347,ambiguous,2023-10-07 18:48:55.971579
76,K,20,Y,0.5013,ambiguous,2023-10-07 18:48:55.971579
76,E,21,A,0.1088,benign,2023-10-07 18:48:55.971579
76,E,21,C,0.6077,pathogenic,2023-10-07 18:48:55.971579
76,E,21,D,0.1049,benign,2023-10-07 18:48:55.971579
76,E,21,F,0.4743,ambiguous,2023-10-07 18:48:55.971579
76,E,21,G,0.0937,benign,2023-10-07 18:48:55.971579
76,E,21,H,0.3211,benign,2023-10-07 18:48:55.971579
76,E,21,I,0.213,benign,2023-10-07 18:48:55.971579
76,E,21,K,0.0962,benign,2023-10-07 18:48:55.971579
76,E,21,L,0.2514,benign,2023-10-07 18:48:55.971579
76,E,21,M,0.2973,benign,2023-10-07 18:48:55.971579
76,E,21,N,0.1879,benign,2023-10-07 18:48:55.971579
76,E,21,P,0.2946,benign,2023-10-07 18:48:55.971579
76,E,21,Q,0.1179,benign,2023-10-07 18:48:55.971579
76,E,21,R,0.1669,benign,2023-10-07 18:48:55.971579
76,E,21,S,0.1758,benign,2023-10-07 18:48:55.971579
76,E,21,T,0.1655,benign,2023-10-07 18:48:55.971579
76,E,21,V,0.1188,benign,2023-10-07 18:48:55.971579
76,E,21,W,0.6017,pathogenic,2023-10-07 18:48:55.971579
76,E,21,Y,0.3613,ambiguous,2023-10-07 18:48:55.971579
76,M,22,A,0.2396,benign,2023-10-07 18:48:55.971579
76,M,22,C,0.5745,pathogenic,2023-10-07 18:48:55.971579
76,M,22,D,0.4409,ambiguous,2023-10-07 18:48:55.971579
76,M,22,E,0.2285,benign,2023-10-07 18:48:55.971579
76,M,22,F,0.3009,benign,2023-10-07 18:48:55.971579
76,M,22,G,0.3362,benign,2023-10-07 18:48:55.971579
76,M,22,H,0.4,ambiguous,2023-10-07 18:48:55.971579
76,M,22,I,0.2171,benign,2023-10-07 18:48:55.971579
76,M,22,K,0.1138,benign,2023-10-07 18:48:55.971579
76,M,22,L,0.1219,benign,2023-10-07 18:48:55.971579
76,M,22,N,0.2807,benign,2023-10-07 18:48:55.971579
76,M,22,P,0.3743,ambiguous,2023-10-07 18:48:55.971579
76,M,22,Q,0.1983,benign,2023-10-07 18:48:55.971579
76,M,22,R,0.1452,benign,2023-10-07 18:48:55.971579
76,M,22,S,0.2912,benign,2023-10-07 18:48:55.971579
76,M,22,T,0.1231,benign,2023-10-07 18:48:55.971579
76,M,22,V,0.0907,benign,2023-10-07 18:48:55.971579
76,M,22,W,0.3279,benign,2023-10-07 18:48:55.971579
76,M,22,Y,0.4277,ambiguous,2023-10-07 18:48:55.971579
76,D,23,A,0.1148,benign,2023-10-07 18:48:55.971579
76,D,23,C,0.3855,ambiguous,2023-10-07 18:48:55.971579
76,D,23,E,0.155,benign,2023-10-07 18:48:55.971579
76,D,23,F,0.395,ambiguous,2023-10-07 18:48:55.971579
76,D,23,G,0.085,benign,2023-10-07 18:48:55.971579
76,D,23,H,0.1951,benign,2023-10-07 18:48:55.971579
76,D,23,I,0.2641,benign,2023-10-07 18:48:55.971579
76,D,23,K,0.2152,benign,2023-10-07 18:48:55.971579
76,D,23,L,0.2532,benign,2023-10-07 18:48:55.971579
76,D,23,M,0.4326,ambiguous,2023-10-07 18:48:55.972078
76,D,23,N,0.1086,benign,2023-10-07 18:48:55.972078
76,D,23,P,0.2902,benign,2023-10-07 18:48:55.972078
76,D,23,Q,0.2562,benign,2023-10-07 18:48:55.972078
76,D,23,R,0.2349,benign,2023-10-07 18:48:55.972078
76,D,23,S,0.1097,benign,2023-10-07 18:48:55.972078
76,D,23,T,0.1497,benign,2023-10-07 18:48:55.972078
76,D,23,V,0.1501,benign,2023-10-07 18:48:55.972078
76,D,23,W,0.5805,pathogenic,2023-10-07 18:48:55.972078
76,D,23,Y,0.1548,benign,2023-10-07 18:48:55.972078
76,E,24,A,0.1156,benign,2023-10-07 18:48:55.972078
76,E,24,C,0.6766,pathogenic,2023-10-07 18:48:55.972078
76,E,24,D,0.1252,benign,2023-10-07 18:48:55.972078
76,E,24,F,0.5914,pathogenic,2023-10-07 18:48:55.972078
76,E,24,G,0.1056,benign,2023-10-07 18:48:55.972078
76,E,24,H,0.3513,ambiguous,2023-10-07 18:48:55.972078
76,E,24,I,0.271,benign,2023-10-07 18:48:55.972078
76,E,24,K,0.0674,benign,2023-10-07 18:48:55.972078
76,E,24,L,0.2583,benign,2023-10-07 18:48:55.972078
76,E,24,M,0.2929,benign,2023-10-07 18:48:55.972078
76,E,24,N,0.2229,benign,2023-10-07 18:48:55.972078
76,E,24,P,0.2609,benign,2023-10-07 18:48:55.972078
76,E,24,Q,0.1187,benign,2023-10-07 18:48:55.972078
76,E,24,R,0.1317,benign,2023-10-07 18:48:55.972078
76,E,24,S,0.1756,benign,2023-10-07 18:48:55.972078
76,E,24,T,0.1641,benign,2023-10-07 18:48:55.972078
76,E,24,V,0.1614,benign,2023-10-07 18:48:55.972078
76,E,24,W,0.6509,pathogenic,2023-10-07 18:48:55.972078
76,E,24,Y,0.4541,ambiguous,2023-10-07 18:48:55.972078
76,E,25,A,0.112,benign,2023-10-07 18:48:55.972078
76,E,25,C,0.68,pathogenic,2023-10-07 18:48:55.972078
76,E,25,D,0.1058,benign,2023-10-07 18:48:55.972078
76,E,25,F,0.5823,pathogenic,2023-10-07 18:48:55.972078
76,E,25,G,0.0868,benign,2023-10-07 18:48:55.972078
76,E,25,H,0.3601,ambiguous,2023-10-07 18:48:55.972078
76,E,25,I,0.306,benign,2023-10-07 18:48:55.972078
76,E,25,K,0.0919,benign,2023-10-07 18:48:55.972078
76,E,25,L,0.2825,benign,2023-10-07 18:48:55.972078
76,E,25,M,0.3357,benign,2023-10-07 18:48:55.972078
76,E,25,N,0.1928,benign,2023-10-07 18:48:55.972078
76,E,25,P,0.3495,ambiguous,2023-10-07 18:48:55.972078
76,E,25,Q,0.1251,benign,2023-10-07 18:48:55.972078
76,E,25,R,0.1587,benign,2023-10-07 18:48:55.972078
76,E,25,S,0.1603,benign,2023-10-07 18:48:55.972078
76,E,25,T,0.163,benign,2023-10-07 18:48:55.972078
76,E,25,V,0.1683,benign,2023-10-07 18:48:55.972078
76,E,25,W,0.632,pathogenic,2023-10-07 18:48:55.972078
76,E,25,Y,0.4312,ambiguous,2023-10-07 18:48:55.972078
76,E,26,A,0.1171,benign,2023-10-07 18:48:55.972078
76,E,26,C,0.5401,ambiguous,2023-10-07 18:48:55.972078
76,E,26,D,0.0547,benign,2023-10-07 18:48:55.972078
76,E,26,F,0.5001,ambiguous,2023-10-07 18:48:55.972078
76,E,26,G,0.0686,benign,2023-10-07 18:48:55.972078
76,E,26,H,0.2785,benign,2023-10-07 18:48:55.972078
76,E,26,I,0.3033,benign,2023-10-07 18:48:55.972078
76,E,26,K,0.1228,benign,2023-10-07 18:48:55.972078
76,E,26,L,0.3013,benign,2023-10-07 18:48:55.972078
76,E,26,M,0.3652,ambiguous,2023-10-07 18:48:55.972078
76,E,26,N,0.115,benign,2023-10-07 18:48:55.972078
76,E,26,P,0.3784,ambiguous,2023-10-07 18:48:55.972078
76,E,26,Q,0.1318,benign,2023-10-07 18:48:55.972078
76,E,26,R,0.1821,benign,2023-10-07 18:48:55.972078
76,E,26,S,0.1314,benign,2023-10-07 18:48:55.972078
76,E,26,T,0.1786,benign,2023-10-07 18:48:55.972078
76,E,26,V,0.1643,benign,2023-10-07 18:48:55.972078
76,E,26,W,0.604,pathogenic,2023-10-07 18:48:55.972078
76,E,26,Y,0.2953,benign,2023-10-07 18:48:55.972078
76,K,27,A,0.1426,benign,2023-10-07 18:48:55.972078
76,K,27,C,0.5175,ambiguous,2023-10-07 18:48:55.972078
76,K,27,D,0.2988,benign,2023-10-07 18:48:55.972078
76,K,27,E,0.0997,benign,2023-10-07 18:48:55.972078
76,K,27,F,0.4503,ambiguous,2023-10-07 18:48:55.972078
76,K,27,G,0.2317,benign,2023-10-07 18:48:55.972078
76,K,27,H,0.2898,benign,2023-10-07 18:48:55.972078
76,K,27,I,0.119,benign,2023-10-07 18:48:55.972078
76,K,27,L,0.1427,benign,2023-10-07 18:48:55.972078
76,K,27,M,0.089,benign,2023-10-07 18:48:55.972078
76,K,27,N,0.207,benign,2023-10-07 18:48:55.972078
76,K,27,P,0.4004,ambiguous,2023-10-07 18:48:55.972078
76,K,27,Q,0.1268,benign,2023-10-07 18:48:55.972078
76,K,27,R,0.0922,benign,2023-10-07 18:48:55.972078
76,K,27,S,0.2392,benign,2023-10-07 18:48:55.972078
76,K,27,T,0.0961,benign,2023-10-07 18:48:55.972078
76,K,27,V,0.1243,benign,2023-10-07 18:48:55.972078
76,K,27,W,0.48,ambiguous,2023-10-07 18:48:55.972078
76,K,27,Y,0.3725,ambiguous,2023-10-07 18:48:55.972078
76,A,28,C,0.3765,ambiguous,2023-10-07 18:48:55.972078
76,A,28,D,0.145,benign,2023-10-07 18:48:55.972078
76,A,28,E,0.1604,benign,2023-10-07 18:48:55.972078
76,A,28,F,0.2736,benign,2023-10-07 18:48:55.972078
76,A,28,G,0.11,benign,2023-10-07 18:48:55.972078
76,A,28,H,0.3389,benign,2023-10-07 18:48:55.972078
76,A,28,I,0.1764,benign,2023-10-07 18:48:55.972078
76,A,28,K,0.2548,benign,2023-10-07 18:48:55.972078
76,A,28,L,0.1674,benign,2023-10-07 18:48:55.972078
76,A,28,M,0.2148,benign,2023-10-07 18:48:55.972078
76,A,28,N,0.1763,benign,2023-10-07 18:48:55.972078
76,A,28,P,0.1672,benign,2023-10-07 18:48:55.972078
76,A,28,Q,0.25,benign,2023-10-07 18:48:55.972078
76,A,28,R,0.2432,benign,2023-10-07 18:48:55.972078
76,A,28,S,0.1007,benign,2023-10-07 18:48:55.972078
76,A,28,T,0.0954,benign,2023-10-07 18:48:55.972078
76,A,28,V,0.1049,benign,2023-10-07 18:48:55.972078
76,A,28,W,0.5217,ambiguous,2023-10-07 18:48:55.972078
76,A,28,Y,0.3216,benign,2023-10-07 18:48:55.972078
76,F,29,A,0.2239,benign,2023-10-07 18:48:55.972078
76,F,29,C,0.1741,benign,2023-10-07 18:48:55.972078
76,F,29,D,0.38,ambiguous,2023-10-07 18:48:55.972078
76,F,29,E,0.4053,ambiguous,2023-10-07 18:48:55.972078
76,F,29,G,0.344,ambiguous,2023-10-07 18:48:55.972078
76,F,29,H,0.335,benign,2023-10-07 18:48:55.972078
76,F,29,I,0.1065,benign,2023-10-07 18:48:55.972078
76,F,29,K,0.3802,ambiguous,2023-10-07 18:48:55.972078
76,F,29,L,0.6043,pathogenic,2023-10-07 18:48:55.972078
76,F,29,M,0.3119,benign,2023-10-07 18:48:55.972078
76,F,29,N,0.3164,benign,2023-10-07 18:48:55.972078
76,F,29,P,0.7109,pathogenic,2023-10-07 18:48:55.972078
76,F,29,Q,0.3648,ambiguous,2023-10-07 18:48:55.972078
76,F,29,R,0.2862,benign,2023-10-07 18:48:55.972078
76,F,29,S,0.1728,benign,2023-10-07 18:48:55.972078
76,F,29,T,0.2743,benign,2023-10-07 18:48:55.972078
76,F,29,V,0.1194,benign,2023-10-07 18:48:55.972078
76,F,29,W,0.2089,benign,2023-10-07 18:48:55.972078
76,F,29,Y,0.1163,benign,2023-10-07 18:48:55.972078
76,K,30,A,0.3053,benign,2023-10-07 18:48:55.972078
76,K,30,C,0.4925,ambiguous,2023-10-07 18:48:55.972078
76,K,30,D,0.6119,pathogenic,2023-10-07 18:48:55.972078
76,K,30,E,0.1637,benign,2023-10-07 18:48:55.972078
76,K,30,F,0.5528,ambiguous,2023-10-07 18:48:55.972078
76,K,30,G,0.3727,ambiguous,2023-10-07 18:48:55.972078
76,K,30,H,0.2774,benign,2023-10-07 18:48:55.972078
76,K,30,I,0.2214,benign,2023-10-07 18:48:55.972078
76,K,30,L,0.1998,benign,2023-10-07 18:48:55.972078
76,K,30,M,0.1813,benign,2023-10-07 18:48:55.972078
76,K,30,N,0.4723,ambiguous,2023-10-07 18:48:55.972078
76,K,30,P,0.4877,ambiguous,2023-10-07 18:48:55.972078
76,K,30,Q,0.1123,benign,2023-10-07 18:48:55.972078
76,K,30,R,0.0891,benign,2023-10-07 18:48:55.972078
76,K,30,S,0.3902,ambiguous,2023-10-07 18:48:55.972078
76,K,30,T,0.1982,benign,2023-10-07 18:48:55.972078
76,K,30,V,0.2434,benign,2023-10-07 18:48:55.972078
76,K,30,W,0.4727,ambiguous,2023-10-07 18:48:55.972078
76,K,30,Y,0.4461,ambiguous,2023-10-07 18:48:55.972078
76,Q,31,A,0.154,benign,2023-10-07 18:48:55.972078
76,Q,31,C,0.5263,ambiguous,2023-10-07 18:48:55.972078
76,Q,31,D,0.3412,ambiguous,2023-10-07 18:48:55.972078
76,Q,31,E,0.0785,benign,2023-10-07 18:48:55.972078
76,Q,31,F,0.6331,pathogenic,2023-10-07 18:48:55.972078
76,Q,31,G,0.1577,benign,2023-10-07 18:48:55.972078
76,Q,31,H,0.2853,benign,2023-10-07 18:48:55.972078
76,Q,31,I,0.2776,benign,2023-10-07 18:48:55.972078
76,Q,31,K,0.0886,benign,2023-10-07 18:48:55.972078
76,Q,31,L,0.1149,benign,2023-10-07 18:48:55.972078
76,Q,31,M,0.2666,benign,2023-10-07 18:48:55.972078
76,Q,31,N,0.2635,benign,2023-10-07 18:48:55.972078
76,Q,31,P,0.1665,benign,2023-10-07 18:48:55.972078
76,Q,31,R,0.1084,benign,2023-10-07 18:48:55.972078
76,Q,31,S,0.235,benign,2023-10-07 18:48:55.972078
76,Q,31,T,0.1878,benign,2023-10-07 18:48:55.972078
76,Q,31,V,0.1678,benign,2023-10-07 18:48:55.972078
76,Q,31,W,0.3275,benign,2023-10-07 18:48:55.972078
76,Q,31,Y,0.4441,ambiguous,2023-10-07 18:48:55.972078
76,K,32,A,0.3085,benign,2023-10-07 18:48:55.972078
76,K,32,C,0.5503,ambiguous,2023-10-07 18:48:55.972078
76,K,32,D,0.5312,ambiguous,2023-10-07 18:48:55.972078
76,K,32,E,0.1578,benign,2023-10-07 18:48:55.972078
76,K,32,F,0.6298,pathogenic,2023-10-07 18:48:55.972078
76,K,32,G,0.3233,benign,2023-10-07 18:48:55.972078
76,K,32,H,0.313,benign,2023-10-07 18:48:55.972078
76,K,32,I,0.2502,benign,2023-10-07 18:48:55.972078
76,K,32,L,0.2682,benign,2023-10-07 18:48:55.972078
76,K,32,M,0.1869,benign,2023-10-07 18:48:55.972078
76,K,32,N,0.3644,ambiguous,2023-10-07 18:48:55.972078
76,K,32,P,0.5727,pathogenic,2023-10-07 18:48:55.972078
76,K,32,Q,0.1235,benign,2023-10-07 18:48:55.972078
76,K,32,R,0.0909,benign,2023-10-07 18:48:55.972078
76,K,32,S,0.3847,ambiguous,2023-10-07 18:48:55.972078
76,K,32,T,0.212,benign,2023-10-07 18:48:55.972078
76,K,32,V,0.2741,benign,2023-10-07 18:48:55.972078
76,K,32,W,0.5551,ambiguous,2023-10-07 18:48:55.972078
76,K,32,Y,0.483,ambiguous,2023-10-07 18:48:55.972078
76,Q,33,A,0.247,benign,2023-10-07 18:48:55.972078
76,Q,33,C,0.6098,pathogenic,2023-10-07 18:48:55.972078
76,Q,33,D,0.5464,ambiguous,2023-10-07 18:48:55.972078
76,Q,33,E,0.1006,benign,2023-10-07 18:48:55.972078
76,Q,33,F,0.7713,pathogenic,2023-10-07 18:48:55.972078
76,Q,33,G,0.2233,benign,2023-10-07 18:48:55.972078
76,Q,33,H,0.3915,ambiguous,2023-10-07 18:48:55.972078
76,Q,33,I,0.3736,ambiguous,2023-10-07 18:48:55.972078
76,Q,33,K,0.0875,benign,2023-10-07 18:48:55.972078
76,Q,33,L,0.152,benign,2023-10-07 18:48:55.972078
76,Q,33,M,0.302,benign,2023-10-07 18:48:55.972078
76,Q,33,N,0.4186,ambiguous,2023-10-07 18:48:55.972078
76,Q,33,P,0.1803,benign,2023-10-07 18:48:55.972078
76,Q,33,R,0.1177,benign,2023-10-07 18:48:55.972078
76,Q,33,S,0.3648,ambiguous,2023-10-07 18:48:55.972078
76,Q,33,T,0.2794,benign,2023-10-07 18:48:55.972078
76,Q,33,V,0.2298,benign,2023-10-07 18:48:55.972078
76,Q,33,W,0.4101,ambiguous,2023-10-07 18:48:55.972078
76,Q,33,Y,0.5709,pathogenic,2023-10-07 18:48:55.972078
76,K,34,A,0.2666,benign,2023-10-07 18:48:55.972078
76,K,34,C,0.6485,pathogenic,2023-10-07 18:48:55.972078
76,K,34,D,0.5146,ambiguous,2023-10-07 18:48:55.972078
76,K,34,E,0.1216,benign,2023-10-07 18:48:55.972078
76,K,34,F,0.7084,pathogenic,2023-10-07 18:48:55.972078
76,K,34,G,0.3302,benign,2023-10-07 18:48:55.972078
76,K,34,H,0.4055,ambiguous,2023-10-07 18:48:55.972078
76,K,34,I,0.2844,benign,2023-10-07 18:48:55.972078
76,K,34,L,0.2781,benign,2023-10-07 18:48:55.972078
76,K,34,M,0.1736,benign,2023-10-07 18:48:55.972078
76,K,34,N,0.4002,ambiguous,2023-10-07 18:48:55.972078
76,K,34,P,0.5944,pathogenic,2023-10-07 18:48:55.972078
76,K,34,Q,0.1318,benign,2023-10-07 18:48:55.972078
76,K,34,R,0.0906,benign,2023-10-07 18:48:55.972078
76,K,34,S,0.397,ambiguous,2023-10-07 18:48:55.972078
76,K,34,T,0.1937,benign,2023-10-07 18:48:55.972078
76,K,34,V,0.2809,benign,2023-10-07 18:48:55.972078
76,K,34,W,0.5894,pathogenic,2023-10-07 18:48:55.972078
76,K,34,Y,0.5854,pathogenic,2023-10-07 18:48:55.972078
76,E,35,A,0.1303,benign,2023-10-07 18:48:55.972078
76,E,35,C,0.7982,pathogenic,2023-10-07 18:48:55.972078
76,E,35,D,0.1685,benign,2023-10-07 18:48:55.972078
76,E,35,F,0.7264,pathogenic,2023-10-07 18:48:55.972078
76,E,35,G,0.1132,benign,2023-10-07 18:48:55.972078
76,E,35,H,0.4974,ambiguous,2023-10-07 18:48:55.972078
76,E,35,I,0.3691,ambiguous,2023-10-07 18:48:55.972078
76,E,35,K,0.1132,benign,2023-10-07 18:48:55.972078
76,E,35,L,0.3269,benign,2023-10-07 18:48:55.972078
76,E,35,M,0.4056,ambiguous,2023-10-07 18:48:55.972078
76,E,35,N,0.3068,benign,2023-10-07 18:48:55.972078
76,E,35,P,0.5099,ambiguous,2023-10-07 18:48:55.972078
76,E,35,Q,0.1346,benign,2023-10-07 18:48:55.972078
76,E,35,R,0.1996,benign,2023-10-07 18:48:55.972078
76,E,35,S,0.2545,benign,2023-10-07 18:48:55.972078
76,E,35,T,0.2486,benign,2023-10-07 18:48:55.972078
76,E,35,V,0.1928,benign,2023-10-07 18:48:55.972078
76,E,35,W,0.7596,pathogenic,2023-10-07 18:48:55.972078
76,E,35,Y,0.5609,ambiguous,2023-10-07 18:48:55.972078
76,E,36,A,0.1282,benign,2023-10-07 18:48:55.972078
76,E,36,C,0.7281,pathogenic,2023-10-07 18:48:55.972078
76,E,36,D,0.1477,benign,2023-10-07 18:48:55.972078
76,E,36,F,0.6084,pathogenic,2023-10-07 18:48:55.972078
76,E,36,G,0.1084,benign,2023-10-07 18:48:55.972078
76,E,36,H,0.4078,ambiguous,2023-10-07 18:48:55.972078
76,E,36,I,0.2747,benign,2023-10-07 18:48:55.972078
76,E,36,K,0.1026,benign,2023-10-07 18:48:55.972078
76,E,36,L,0.3015,benign,2023-10-07 18:48:55.972078
76,E,36,M,0.3501,ambiguous,2023-10-07 18:48:55.972078
76,E,36,N,0.2486,benign,2023-10-07 18:48:55.972078
76,E,36,P,0.4758,ambiguous,2023-10-07 18:48:55.972078
76,E,36,Q,0.119,benign,2023-10-07 18:48:55.972078
76,E,36,R,0.1803,benign,2023-10-07 18:48:55.972078
76,E,36,S,0.2222,benign,2023-10-07 18:48:55.972078
76,E,36,T,0.2204,benign,2023-10-07 18:48:55.972078
76,E,36,V,0.1626,benign,2023-10-07 18:48:55.972078
76,E,36,W,0.7227,pathogenic,2023-10-07 18:48:55.972078
76,E,36,Y,0.4357,ambiguous,2023-10-07 18:48:55.972078
76,Q,37,A,0.1564,benign,2023-10-07 18:48:55.972078
76,Q,37,C,0.6184,pathogenic,2023-10-07 18:48:55.972078
76,Q,37,D,0.3703,ambiguous,2023-10-07 18:48:55.972078
76,Q,37,E,0.0767,benign,2023-10-07 18:48:55.972078
76,Q,37,F,0.6972,pathogenic,2023-10-07 18:48:55.972078
76,Q,37,G,0.1577,benign,2023-10-07 18:48:55.972078
76,Q,37,H,0.3326,benign,2023-10-07 18:48:55.972078
76,Q,37,I,0.3162,benign,2023-10-07 18:48:55.972078
76,Q,37,K,0.0816,benign,2023-10-07 18:48:55.972078
76,Q,37,L,0.1317,benign,2023-10-07 18:48:55.972078
76,Q,37,M,0.2688,benign,2023-10-07 18:48:55.972078
76,Q,37,N,0.2955,benign,2023-10-07 18:48:55.972078
76,Q,37,P,0.1549,benign,2023-10-07 18:48:55.972078
76,Q,37,R,0.1086,benign,2023-10-07 18:48:55.972078
76,Q,37,S,0.2577,benign,2023-10-07 18:48:55.972078
76,Q,37,T,0.1945,benign,2023-10-07 18:48:55.972078
76,Q,37,V,0.197,benign,2023-10-07 18:48:55.972078
76,Q,37,W,0.4007,ambiguous,2023-10-07 18:48:55.972078
76,Q,37,Y,0.5236,ambiguous,2023-10-07 18:48:55.972078
76,K,38,A,0.308,benign,2023-10-07 18:48:55.972579
76,K,38,C,0.648,pathogenic,2023-10-07 18:48:55.972579
76,K,38,D,0.4923,ambiguous,2023-10-07 18:48:55.972579
76,K,38,E,0.1206,benign,2023-10-07 18:48:55.972579
76,K,38,F,0.7056,pathogenic,2023-10-07 18:48:55.972579
76,K,38,G,0.2986,benign,2023-10-07 18:48:55.972579
76,K,38,H,0.374,ambiguous,2023-10-07 18:48:55.972579
76,K,38,I,0.3495,ambiguous,2023-10-07 18:48:55.972579
76,K,38,L,0.3098,benign,2023-10-07 18:48:55.972579
76,K,38,M,0.2057,benign,2023-10-07 18:48:55.972579
76,K,38,N,0.3553,ambiguous,2023-10-07 18:48:55.972579
76,K,38,P,0.5766,pathogenic,2023-10-07 18:48:55.972579
76,K,38,Q,0.1159,benign,2023-10-07 18:48:55.972579
76,K,38,R,0.0962,benign,2023-10-07 18:48:55.972579
76,K,38,S,0.3832,ambiguous,2023-10-07 18:48:55.972579
76,K,38,T,0.2418,benign,2023-10-07 18:48:55.972579
76,K,38,V,0.3428,ambiguous,2023-10-07 18:48:55.972579
76,K,38,W,0.6142,pathogenic,2023-10-07 18:48:55.972579
76,K,38,Y,0.5756,pathogenic,2023-10-07 18:48:55.972579
76,K,39,A,0.1489,benign,2023-10-07 18:48:55.972579
76,K,39,C,0.5074,ambiguous,2023-10-07 18:48:55.972579
76,K,39,D,0.3075,benign,2023-10-07 18:48:55.972579
76,K,39,E,0.0991,benign,2023-10-07 18:48:55.972579
76,K,39,F,0.468,ambiguous,2023-10-07 18:48:55.972579
76,K,39,G,0.242,benign,2023-10-07 18:48:55.972579
76,K,39,H,0.2462,benign,2023-10-07 18:48:55.972579
76,K,39,I,0.1568,benign,2023-10-07 18:48:55.972579
76,K,39,L,0.168,benign,2023-10-07 18:48:55.972579
76,K,39,M,0.1124,benign,2023-10-07 18:48:55.972579
76,K,39,N,0.2066,benign,2023-10-07 18:48:55.972579
76,K,39,P,0.405,ambiguous,2023-10-07 18:48:55.972579
76,K,39,Q,0.1002,benign,2023-10-07 18:48:55.972579
76,K,39,R,0.0974,benign,2023-10-07 18:48:55.972579
76,K,39,S,0.2171,benign,2023-10-07 18:48:55.972579
76,K,39,T,0.103,benign,2023-10-07 18:48:55.972579
76,K,39,V,0.1718,benign,2023-10-07 18:48:55.972579
76,K,39,W,0.5245,ambiguous,2023-10-07 18:48:55.972579
76,K,39,Y,0.3656,ambiguous,2023-10-07 18:48:55.972579
76,L,40,A,0.1257,benign,2023-10-07 18:48:55.972579
76,L,40,C,0.3108,benign,2023-10-07 18:48:55.972579
76,L,40,D,0.3597,ambiguous,2023-10-07 18:48:55.972579
76,L,40,E,0.1517,benign,2023-10-07 18:48:55.972579
76,L,40,F,0.1468,benign,2023-10-07 18:48:55.972579
76,L,40,G,0.2376,benign,2023-10-07 18:48:55.972579
76,L,40,H,0.1766,benign,2023-10-07 18:48:55.972579
76,L,40,I,0.0909,benign,2023-10-07 18:48:55.972579
76,L,40,K,0.1062,benign,2023-10-07 18:48:55.972579
76,L,40,M,0.0804,benign,2023-10-07 18:48:55.972579
76,L,40,N,0.2609,benign,2023-10-07 18:48:55.972579
76,L,40,P,0.1542,benign,2023-10-07 18:48:55.972579
76,L,40,Q,0.0989,benign,2023-10-07 18:48:55.972579
76,L,40,R,0.1018,benign,2023-10-07 18:48:55.972579
76,L,40,S,0.1969,benign,2023-10-07 18:48:55.972579
76,L,40,T,0.1216,benign,2023-10-07 18:48:55.972579
76,L,40,V,0.0818,benign,2023-10-07 18:48:55.972579
76,L,40,W,0.1167,benign,2023-10-07 18:48:55.972579
76,L,40,Y,0.246,benign,2023-10-07 18:48:55.972579
76,E,41,A,0.1008,benign,2023-10-07 18:48:55.972579
76,E,41,C,0.6408,pathogenic,2023-10-07 18:48:55.972579
76,E,41,D,0.1447,benign,2023-10-07 18:48:55.972579
76,E,41,F,0.5921,pathogenic,2023-10-07 18:48:55.972579
76,E,41,G,0.1161,benign,2023-10-07 18:48:55.972579
76,E,41,H,0.318,benign,2023-10-07 18:48:55.972579
76,E,41,I,0.3166,benign,2023-10-07 18:48:55.972579
76,E,41,K,0.1142,benign,2023-10-07 18:48:55.972579
76,E,41,L,0.2666,benign,2023-10-07 18:48:55.972579
76,E,41,M,0.3473,ambiguous,2023-10-07 18:48:55.972579
76,E,41,N,0.2516,benign,2023-10-07 18:48:55.972579
76,E,41,P,0.3522,ambiguous,2023-10-07 18:48:55.972579
76,E,41,Q,0.111,benign,2023-10-07 18:48:55.972579
76,E,41,R,0.1644,benign,2023-10-07 18:48:55.972579
76,E,41,S,0.1817,benign,2023-10-07 18:48:55.972579
76,E,41,T,0.2067,benign,2023-10-07 18:48:55.972579
76,E,41,V,0.1768,benign,2023-10-07 18:48:55.972579
76,E,41,W,0.6527,pathogenic,2023-10-07 18:48:55.972579
76,E,41,Y,0.4518,ambiguous,2023-10-07 18:48:55.972579
76,V,42,A,0.0682,benign,2023-10-07 18:48:55.972579
76,V,42,C,0.4623,ambiguous,2023-10-07 18:48:55.972579
76,V,42,D,0.0876,benign,2023-10-07 18:48:55.972579
76,V,42,E,0.0425,benign,2023-10-07 18:48:55.972579
76,V,42,F,0.1715,benign,2023-10-07 18:48:55.972579
76,V,42,G,0.0636,benign,2023-10-07 18:48:55.972579
76,V,42,H,0.2361,benign,2023-10-07 18:48:55.972579
76,V,42,I,0.1053,benign,2023-10-07 18:48:55.972579
76,V,42,K,0.0786,benign,2023-10-07 18:48:55.972579
76,V,42,L,0.1241,benign,2023-10-07 18:48:55.972579
76,V,42,M,0.1201,benign,2023-10-07 18:48:55.972579
76,V,42,N,0.119,benign,2023-10-07 18:48:55.972579
76,V,42,P,0.373,ambiguous,2023-10-07 18:48:55.972579
76,V,42,Q,0.0706,benign,2023-10-07 18:48:55.972579
76,V,42,R,0.1252,benign,2023-10-07 18:48:55.972579
76,V,42,S,0.1134,benign,2023-10-07 18:48:55.972579
76,V,42,T,0.1092,benign,2023-10-07 18:48:55.972579
76,V,42,W,0.4826,ambiguous,2023-10-07 18:48:55.972579
76,V,42,Y,0.2735,benign,2023-10-07 18:48:55.972579
76,L,43,A,0.161,benign,2023-10-07 18:48:55.972579
76,L,43,C,0.3412,ambiguous,2023-10-07 18:48:55.972579
76,L,43,D,0.4914,ambiguous,2023-10-07 18:48:55.972579
76,L,43,E,0.2178,benign,2023-10-07 18:48:55.972579
76,L,43,F,0.1533,benign,2023-10-07 18:48:55.972579
76,L,43,G,0.3105,benign,2023-10-07 18:48:55.972579
76,L,43,H,0.2702,benign,2023-10-07 18:48:55.972579
76,L,43,I,0.1126,benign,2023-10-07 18:48:55.972579
76,L,43,K,0.1949,benign,2023-10-07 18:48:55.972579
76,L,43,M,0.0808,benign,2023-10-07 18:48:55.972579
76,L,43,N,0.3659,ambiguous,2023-10-07 18:48:55.972579
76,L,43,P,0.212,benign,2023-10-07 18:48:55.972579
76,L,43,Q,0.1272,benign,2023-10-07 18:48:55.972579
76,L,43,R,0.1721,benign,2023-10-07 18:48:55.972579
76,L,43,S,0.2273,benign,2023-10-07 18:48:55.972579
76,L,43,T,0.1975,benign,2023-10-07 18:48:55.972579
76,L,43,V,0.0932,benign,2023-10-07 18:48:55.972579
76,L,43,W,0.1475,benign,2023-10-07 18:48:55.972579
76,L,43,Y,0.3353,benign,2023-10-07 18:48:55.972579
76,K,44,A,0.2378,benign,2023-10-07 18:48:55.972579
76,K,44,C,0.6245,pathogenic,2023-10-07 18:48:55.972579
76,K,44,D,0.4891,ambiguous,2023-10-07 18:48:55.972579
76,K,44,E,0.1354,benign,2023-10-07 18:48:55.972579
76,K,44,F,0.6559,pathogenic,2023-10-07 18:48:55.972579
76,K,44,G,0.3292,benign,2023-10-07 18:48:55.972579
76,K,44,H,0.3528,ambiguous,2023-10-07 18:48:55.972579
76,K,44,I,0.3136,benign,2023-10-07 18:48:55.972579
76,K,44,L,0.258,benign,2023-10-07 18:48:55.972579
76,K,44,M,0.1875,benign,2023-10-07 18:48:55.972579
76,K,44,N,0.3692,ambiguous,2023-10-07 18:48:55.972579
76,K,44,P,0.4332,ambiguous,2023-10-07 18:48:55.972579
76,K,44,Q,0.1343,benign,2023-10-07 18:48:55.972579
76,K,44,R,0.0985,benign,2023-10-07 18:48:55.972579
76,K,44,S,0.3436,ambiguous,2023-10-07 18:48:55.972579
76,K,44,T,0.187,benign,2023-10-07 18:48:55.972579
76,K,44,V,0.3012,benign,2023-10-07 18:48:55.972579
76,K,44,W,0.6138,pathogenic,2023-10-07 18:48:55.972579
76,K,44,Y,0.5323,ambiguous,2023-10-07 18:48:55.972579
76,A,45,C,0.348,ambiguous,2023-10-07 18:48:55.972579
76,A,45,D,0.165,benign,2023-10-07 18:48:55.972579
76,A,45,E,0.1242,benign,2023-10-07 18:48:55.972579
76,A,45,F,0.2743,benign,2023-10-07 18:48:55.972579
76,A,45,G,0.0968,benign,2023-10-07 18:48:55.972579
76,A,45,H,0.3453,ambiguous,2023-10-07 18:48:55.972579
76,A,45,I,0.1897,benign,2023-10-07 18:48:55.972579
76,A,45,K,0.1848,benign,2023-10-07 18:48:55.972579
76,A,45,L,0.1587,benign,2023-10-07 18:48:55.972579
76,A,45,M,0.1672,benign,2023-10-07 18:48:55.972579
76,A,45,N,0.1733,benign,2023-10-07 18:48:55.972579
76,A,45,P,0.1815,benign,2023-10-07 18:48:55.972579
76,A,45,Q,0.1775,benign,2023-10-07 18:48:55.972579
76,A,45,R,0.2013,benign,2023-10-07 18:48:55.972579
76,A,45,S,0.0962,benign,2023-10-07 18:48:55.972579
76,A,45,T,0.0858,benign,2023-10-07 18:48:55.972579
76,A,45,V,0.1034,benign,2023-10-07 18:48:55.972579
76,A,45,W,0.4588,ambiguous,2023-10-07 18:48:55.972579
76,A,45,Y,0.3248,benign,2023-10-07 18:48:55.972579
76,K,46,A,0.1714,benign,2023-10-07 18:48:55.972579
76,K,46,C,0.521,ambiguous,2023-10-07 18:48:55.972579
76,K,46,D,0.3285,benign,2023-10-07 18:48:55.972579
76,K,46,E,0.1104,benign,2023-10-07 18:48:55.972579
76,K,46,F,0.5313,ambiguous,2023-10-07 18:48:55.972579
76,K,46,G,0.2447,benign,2023-10-07 18:48:55.972579
76,K,46,H,0.2654,benign,2023-10-07 18:48:55.972579
76,K,46,I,0.2157,benign,2023-10-07 18:48:55.972579
76,K,46,L,0.2367,benign,2023-10-07 18:48:55.972579
76,K,46,M,0.149,benign,2023-10-07 18:48:55.972579
76,K,46,N,0.2306,benign,2023-10-07 18:48:55.972579
76,K,46,P,0.4019,ambiguous,2023-10-07 18:48:55.972579
76,K,46,Q,0.1246,benign,2023-10-07 18:48:55.972579
76,K,46,R,0.0898,benign,2023-10-07 18:48:55.972579
76,K,46,S,0.2467,benign,2023-10-07 18:48:55.972579
76,K,46,T,0.1207,benign,2023-10-07 18:48:55.972579
76,K,46,V,0.1964,benign,2023-10-07 18:48:55.972579
76,K,46,W,0.5073,ambiguous,2023-10-07 18:48:55.972579
76,K,46,Y,0.4181,ambiguous,2023-10-07 18:48:55.972579
76,V,47,A,0.0534,benign,2023-10-07 18:48:55.972579
76,V,47,C,0.4679,ambiguous,2023-10-07 18:48:55.972579
76,V,47,D,0.2029,benign,2023-10-07 18:48:55.972579
76,V,47,E,0.2244,benign,2023-10-07 18:48:55.972579
76,V,47,F,0.2093,benign,2023-10-07 18:48:55.972579
76,V,47,G,0.1196,benign,2023-10-07 18:48:55.972579
76,V,47,H,0.4227,ambiguous,2023-10-07 18:48:55.972579
76,V,47,I,0.1212,benign,2023-10-07 18:48:55.972579
76,V,47,K,0.2786,benign,2023-10-07 18:48:55.972579
76,V,47,L,0.1926,benign,2023-10-07 18:48:55.972579
76,V,47,M,0.1513,benign,2023-10-07 18:48:55.972579
76,V,47,N,0.23,benign,2023-10-07 18:48:55.972579
76,V,47,P,0.2791,benign,2023-10-07 18:48:55.972579
76,V,47,Q,0.2987,benign,2023-10-07 18:48:55.972579
76,V,47,R,0.2587,benign,2023-10-07 18:48:55.972579
76,V,47,S,0.1168,benign,2023-10-07 18:48:55.972579
76,V,47,T,0.1073,benign,2023-10-07 18:48:55.972579
76,V,47,W,0.6022,pathogenic,2023-10-07 18:48:55.972579
76,V,47,Y,0.4044,ambiguous,2023-10-07 18:48:55.972579
76,V,48,A,0.0488,benign,2023-10-07 18:48:55.972579
76,V,48,C,0.3169,benign,2023-10-07 18:48:55.972579
76,V,48,D,0.1476,benign,2023-10-07 18:48:55.972579
76,V,48,E,0.1074,benign,2023-10-07 18:48:55.972579
76,V,48,F,0.1235,benign,2023-10-07 18:48:55.972579
76,V,48,G,0.0729,benign,2023-10-07 18:48:55.972579
76,V,48,H,0.2327,benign,2023-10-07 18:48:55.972579
76,V,48,I,0.0945,benign,2023-10-07 18:48:55.972579
76,V,48,K,0.0956,benign,2023-10-07 18:48:55.972579
76,V,48,L,0.1052,benign,2023-10-07 18:48:55.972579
76,V,48,M,0.0881,benign,2023-10-07 18:48:55.972579
76,V,48,N,0.1397,benign,2023-10-07 18:48:55.972579
76,V,48,P,0.1553,benign,2023-10-07 18:48:55.972579
76,V,48,Q,0.107,benign,2023-10-07 18:48:55.972579
76,V,48,R,0.093,benign,2023-10-07 18:48:55.972579
76,V,48,S,0.0635,benign,2023-10-07 18:48:55.972579
76,V,48,T,0.0666,benign,2023-10-07 18:48:55.972579
76,V,48,W,0.3409,ambiguous,2023-10-07 18:48:55.972579
76,V,48,Y,0.2895,benign,2023-10-07 18:48:55.972579
76,G,49,A,0.1407,benign,2023-10-07 18:48:55.972579
76,G,49,C,0.2172,benign,2023-10-07 18:48:55.972579
76,G,49,D,0.2174,benign,2023-10-07 18:48:55.972579
76,G,49,E,0.1331,benign,2023-10-07 18:48:55.972579
76,G,49,F,0.4806,ambiguous,2023-10-07 18:48:55.972579
76,G,49,H,0.3731,ambiguous,2023-10-07 18:48:55.972579
76,G,49,I,0.2643,benign,2023-10-07 18:48:55.972579
76,G,49,K,0.2109,benign,2023-10-07 18:48:55.972579
76,G,49,L,0.3526,ambiguous,2023-10-07 18:48:55.972579
76,G,49,M,0.3766,ambiguous,2023-10-07 18:48:55.972579
76,G,49,N,0.3367,benign,2023-10-07 18:48:55.972579
76,G,49,P,0.4973,ambiguous,2023-10-07 18:48:55.972579
76,G,49,Q,0.2059,benign,2023-10-07 18:48:55.972579
76,G,49,R,0.1647,benign,2023-10-07 18:48:55.972579
76,G,49,S,0.1338,benign,2023-10-07 18:48:55.972579
76,G,49,T,0.1822,benign,2023-10-07 18:48:55.972579
76,G,49,V,0.1738,benign,2023-10-07 18:48:55.972579
76,G,49,W,0.2041,benign,2023-10-07 18:48:55.972579
76,G,49,Y,0.3803,ambiguous,2023-10-07 18:48:55.972579
76,K,50,A,0.2555,benign,2023-10-07 18:48:55.972579
76,K,50,C,0.5332,ambiguous,2023-10-07 18:48:55.972579
76,K,50,D,0.4012,ambiguous,2023-10-07 18:48:55.972579
76,K,50,E,0.1435,benign,2023-10-07 18:48:55.972579
76,K,50,F,0.5881,pathogenic,2023-10-07 18:48:55.972579
76,K,50,G,0.2411,benign,2023-10-07 18:48:55.972579
76,K,50,H,0.3146,benign,2023-10-07 18:48:55.972579
76,K,50,I,0.2964,benign,2023-10-07 18:48:55.972579
76,K,50,L,0.3005,benign,2023-10-07 18:48:55.972579
76,K,50,M,0.1866,benign,2023-10-07 18:48:55.972579
76,K,50,N,0.3024,benign,2023-10-07 18:48:55.972579
76,K,50,P,0.4166,ambiguous,2023-10-07 18:48:55.972579
76,K,50,Q,0.1576,benign,2023-10-07 18:48:55.972579
76,K,50,R,0.0863,benign,2023-10-07 18:48:55.972579
76,K,50,S,0.3085,benign,2023-10-07 18:48:55.972579
76,K,50,T,0.1785,benign,2023-10-07 18:48:55.972579
76,K,50,V,0.2899,benign,2023-10-07 18:48:55.972579
76,K,50,W,0.5314,ambiguous,2023-10-07 18:48:55.972579
76,K,50,Y,0.4504,ambiguous,2023-10-07 18:48:55.972579
76,G,51,A,0.1689,benign,2023-10-07 18:48:55.972579
76,G,51,C,0.2232,benign,2023-10-07 18:48:55.972579
76,G,51,D,0.218,benign,2023-10-07 18:48:55.972579
76,G,51,E,0.1976,benign,2023-10-07 18:48:55.972579
76,G,51,F,0.438,ambiguous,2023-10-07 18:48:55.972579
76,G,51,H,0.3916,ambiguous,2023-10-07 18:48:55.972579
76,G,51,I,0.2259,benign,2023-10-07 18:48:55.972579
76,G,51,K,0.3242,benign,2023-10-07 18:48:55.972579
76,G,51,L,0.402,ambiguous,2023-10-07 18:48:55.972579
76,G,51,M,0.406,ambiguous,2023-10-07 18:48:55.972579
76,G,51,N,0.3757,ambiguous,2023-10-07 18:48:55.972579
76,G,51,P,0.5735,pathogenic,2023-10-07 18:48:55.972579
76,G,51,Q,0.3451,ambiguous,2023-10-07 18:48:55.972579
76,G,51,R,0.2737,benign,2023-10-07 18:48:55.972579
76,G,51,S,0.1535,benign,2023-10-07 18:48:55.972579
76,G,51,T,0.2203,benign,2023-10-07 18:48:55.972579
76,G,51,V,0.1649,benign,2023-10-07 18:48:55.972579
76,G,51,W,0.2458,benign,2023-10-07 18:48:55.972579
76,G,51,Y,0.3032,benign,2023-10-07 18:48:55.972579
76,P,52,A,0.1088,benign,2023-10-07 18:48:55.972579
76,P,52,C,0.3181,benign,2023-10-07 18:48:55.972579
76,P,52,D,0.3623,ambiguous,2023-10-07 18:48:55.972579
76,P,52,E,0.3042,benign,2023-10-07 18:48:55.972579
76,P,52,F,0.328,benign,2023-10-07 18:48:55.972579
76,P,52,G,0.2627,benign,2023-10-07 18:48:55.972579
76,P,52,H,0.1609,benign,2023-10-07 18:48:55.972579
76,P,52,I,0.2208,benign,2023-10-07 18:48:55.972579
76,P,52,K,0.2371,benign,2023-10-07 18:48:55.972579
76,P,52,L,0.1232,benign,2023-10-07 18:48:55.972579
76,P,52,M,0.2921,benign,2023-10-07 18:48:55.972579
76,P,52,N,0.3088,benign,2023-10-07 18:48:55.972579
76,P,52,Q,0.1871,benign,2023-10-07 18:48:55.972579
76,P,52,R,0.1512,benign,2023-10-07 18:48:55.972579
76,P,52,S,0.1451,benign,2023-10-07 18:48:55.972579
76,P,52,T,0.1289,benign,2023-10-07 18:48:55.972579
76,P,52,V,0.1787,benign,2023-10-07 18:48:55.972579
76,P,52,W,0.3808,ambiguous,2023-10-07 18:48:55.972579
76,P,52,Y,0.3034,benign,2023-10-07 18:48:55.972579
76,L,53,A,0.1934,benign,2023-10-07 18:48:55.972579
76,L,53,C,0.3481,ambiguous,2023-10-07 18:48:55.972579
76,L,53,D,0.5742,pathogenic,2023-10-07 18:48:55.972579
76,L,53,E,0.3137,benign,2023-10-07 18:48:55.972579
76,L,53,F,0.1238,benign,2023-10-07 18:48:55.972579
76,L,53,G,0.3608,ambiguous,2023-10-07 18:48:55.972579
76,L,53,H,0.2351,benign,2023-10-07 18:48:55.972579
76,L,53,I,0.1052,benign,2023-10-07 18:48:55.972579
76,L,53,K,0.2199,benign,2023-10-07 18:48:55.973080
76,L,53,M,0.0966,benign,2023-10-07 18:48:55.973080
76,L,53,N,0.4073,ambiguous,2023-10-07 18:48:55.973080
76,L,53,P,0.181,benign,2023-10-07 18:48:55.973080
76,L,53,Q,0.1734,benign,2023-10-07 18:48:55.973080
76,L,53,R,0.1666,benign,2023-10-07 18:48:55.973080
76,L,53,S,0.2537,benign,2023-10-07 18:48:55.973080
76,L,53,T,0.2088,benign,2023-10-07 18:48:55.973080
76,L,53,V,0.0998,benign,2023-10-07 18:48:55.973080
76,L,53,W,0.1463,benign,2023-10-07 18:48:55.973080
76,L,53,Y,0.3144,benign,2023-10-07 18:48:55.973080
76,A,54,C,0.2812,benign,2023-10-07 18:48:55.973080
76,A,54,D,0.1737,benign,2023-10-07 18:48:55.973080
76,A,54,E,0.2053,benign,2023-10-07 18:48:55.973080
76,A,54,F,0.2241,benign,2023-10-07 18:48:55.973080
76,A,54,G,0.0891,benign,2023-10-07 18:48:55.973080
76,A,54,H,0.3328,benign,2023-10-07 18:48:55.973080
76,A,54,I,0.1963,benign,2023-10-07 18:48:55.973080
76,A,54,K,0.3102,benign,2023-10-07 18:48:55.973080
76,A,54,L,0.1549,benign,2023-10-07 18:48:55.973080
76,A,54,M,0.2351,benign,2023-10-07 18:48:55.973080
76,A,54,N,0.2005,benign,2023-10-07 18:48:55.973080
76,A,54,P,0.1482,benign,2023-10-07 18:48:55.973080
76,A,54,Q,0.2721,benign,2023-10-07 18:48:55.973080
76,A,54,R,0.2506,benign,2023-10-07 18:48:55.973080
76,A,54,S,0.0993,benign,2023-10-07 18:48:55.973080
76,A,54,T,0.0987,benign,2023-10-07 18:48:55.973080
76,A,54,V,0.108,benign,2023-10-07 18:48:55.973080
76,A,54,W,0.4868,ambiguous,2023-10-07 18:48:55.973080
76,A,54,Y,0.2964,benign,2023-10-07 18:48:55.973080
76,T,55,A,0.0772,benign,2023-10-07 18:48:55.973080
76,T,55,C,0.3345,benign,2023-10-07 18:48:55.973080
76,T,55,D,0.2806,benign,2023-10-07 18:48:55.973080
76,T,55,E,0.1978,benign,2023-10-07 18:48:55.973080
76,T,55,F,0.2069,benign,2023-10-07 18:48:55.973080
76,T,55,G,0.1289,benign,2023-10-07 18:48:55.973080
76,T,55,H,0.2663,benign,2023-10-07 18:48:55.973080
76,T,55,I,0.1475,benign,2023-10-07 18:48:55.973080
76,T,55,K,0.132,benign,2023-10-07 18:48:55.973080
76,T,55,L,0.1206,benign,2023-10-07 18:48:55.973080
76,T,55,M,0.0941,benign,2023-10-07 18:48:55.973080
76,T,55,N,0.14,benign,2023-10-07 18:48:55.973080
76,T,55,P,0.0982,benign,2023-10-07 18:48:55.973080
76,T,55,Q,0.1921,benign,2023-10-07 18:48:55.973080
76,T,55,R,0.1104,benign,2023-10-07 18:48:55.973080
76,T,55,S,0.1022,benign,2023-10-07 18:48:55.973080
76,T,55,V,0.131,benign,2023-10-07 18:48:55.973080
76,T,55,W,0.3513,ambiguous,2023-10-07 18:48:55.973080
76,T,55,Y,0.2651,benign,2023-10-07 18:48:55.973080
76,G,56,A,0.1091,benign,2023-10-07 18:48:55.973080
76,G,56,C,0.1489,benign,2023-10-07 18:48:55.973080
76,G,56,D,0.1428,benign,2023-10-07 18:48:55.973080
76,G,56,E,0.1813,benign,2023-10-07 18:48:55.973080
76,G,56,F,0.3978,ambiguous,2023-10-07 18:48:55.973080
76,G,56,H,0.2836,benign,2023-10-07 18:48:55.973080
76,G,56,I,0.2242,benign,2023-10-07 18:48:55.973080
76,G,56,K,0.2748,benign,2023-10-07 18:48:55.973080
76,G,56,L,0.3378,benign,2023-10-07 18:48:55.973080
76,G,56,M,0.3821,ambiguous,2023-10-07 18:48:55.973080
76,G,56,N,0.2515,benign,2023-10-07 18:48:55.973080
76,G,56,P,0.4635,ambiguous,2023-10-07 18:48:55.973080
76,G,56,Q,0.2764,benign,2023-10-07 18:48:55.973080
76,G,56,R,0.1635,benign,2023-10-07 18:48:55.973080
76,G,56,S,0.092,benign,2023-10-07 18:48:55.973080
76,G,56,T,0.1382,benign,2023-10-07 18:48:55.973080
76,G,56,V,0.1469,benign,2023-10-07 18:48:55.973080
76,G,56,W,0.229,benign,2023-10-07 18:48:55.973080
76,G,56,Y,0.2639,benign,2023-10-07 18:48:55.973080
76,G,57,A,0.1312,benign,2023-10-07 18:48:55.973080
76,G,57,C,0.2008,benign,2023-10-07 18:48:55.973080
76,G,57,D,0.1769,benign,2023-10-07 18:48:55.973080
76,G,57,E,0.1396,benign,2023-10-07 18:48:55.973080
76,G,57,F,0.4183,ambiguous,2023-10-07 18:48:55.973080
76,G,57,H,0.3326,benign,2023-10-07 18:48:55.973080
76,G,57,I,0.2154,benign,2023-10-07 18:48:55.973080
76,G,57,K,0.2571,benign,2023-10-07 18:48:55.973080
76,G,57,L,0.3966,ambiguous,2023-10-07 18:48:55.973080
76,G,57,M,0.3786,ambiguous,2023-10-07 18:48:55.973080
76,G,57,N,0.3086,benign,2023-10-07 18:48:55.973080
76,G,57,P,0.5883,pathogenic,2023-10-07 18:48:55.973080
76,G,57,Q,0.2485,benign,2023-10-07 18:48:55.973080
76,G,57,R,0.1743,benign,2023-10-07 18:48:55.973080
76,G,57,S,0.1272,benign,2023-10-07 18:48:55.973080
76,G,57,T,0.1799,benign,2023-10-07 18:48:55.973080
76,G,57,V,0.1585,benign,2023-10-07 18:48:55.973080
76,G,57,W,0.2373,benign,2023-10-07 18:48:55.973080
76,G,57,Y,0.3227,benign,2023-10-07 18:48:55.973080
76,I,58,A,0.4548,ambiguous,2023-10-07 18:48:55.973080
76,I,58,C,0.5467,ambiguous,2023-10-07 18:48:55.973080
76,I,58,D,0.5605,ambiguous,2023-10-07 18:48:55.973080
76,I,58,E,0.4045,ambiguous,2023-10-07 18:48:55.973080
76,I,58,F,0.1432,benign,2023-10-07 18:48:55.973080
76,I,58,G,0.5039,ambiguous,2023-10-07 18:48:55.973080
76,I,58,H,0.4321,ambiguous,2023-10-07 18:48:55.973080
76,I,58,K,0.2302,benign,2023-10-07 18:48:55.973080
76,I,58,L,0.1355,benign,2023-10-07 18:48:55.973080
76,I,58,M,0.1,benign,2023-10-07 18:48:55.973080
76,I,58,N,0.2388,benign,2023-10-07 18:48:55.973080
76,I,58,P,0.5702,pathogenic,2023-10-07 18:48:55.973080
76,I,58,Q,0.3291,benign,2023-10-07 18:48:55.973080
76,I,58,R,0.195,benign,2023-10-07 18:48:55.973080
76,I,58,S,0.3123,benign,2023-10-07 18:48:55.973080
76,I,58,T,0.3731,ambiguous,2023-10-07 18:48:55.973080
76,I,58,V,0.1511,benign,2023-10-07 18:48:55.973080
76,I,58,W,0.3992,ambiguous,2023-10-07 18:48:55.973080
76,I,58,Y,0.3621,ambiguous,2023-10-07 18:48:55.973080
76,K,59,A,0.4673,ambiguous,2023-10-07 18:48:55.973080
76,K,59,C,0.7207,pathogenic,2023-10-07 18:48:55.973080
76,K,59,D,0.6691,pathogenic,2023-10-07 18:48:55.973080
76,K,59,E,0.2054,benign,2023-10-07 18:48:55.973080
76,K,59,F,0.7925,pathogenic,2023-10-07 18:48:55.973080
76,K,59,G,0.4189,ambiguous,2023-10-07 18:48:55.973080
76,K,59,H,0.5067,ambiguous,2023-10-07 18:48:55.973080
76,K,59,I,0.4557,ambiguous,2023-10-07 18:48:55.973080
76,K,59,L,0.4246,ambiguous,2023-10-07 18:48:55.973080
76,K,59,M,0.308,benign,2023-10-07 18:48:55.973080
76,K,59,N,0.5648,pathogenic,2023-10-07 18:48:55.973080
76,K,59,P,0.5555,ambiguous,2023-10-07 18:48:55.973080
76,K,59,Q,0.1836,benign,2023-10-07 18:48:55.973080
76,K,59,R,0.1056,benign,2023-10-07 18:48:55.973080
76,K,59,S,0.5252,ambiguous,2023-10-07 18:48:55.973080
76,K,59,T,0.2957,benign,2023-10-07 18:48:55.973080
76,K,59,V,0.469,ambiguous,2023-10-07 18:48:55.973080
76,K,59,W,0.6869,pathogenic,2023-10-07 18:48:55.973080
76,K,59,Y,0.6739,pathogenic,2023-10-07 18:48:55.973080
76,K,60,A,0.3155,benign,2023-10-07 18:48:55.973080
76,K,60,C,0.6072,pathogenic,2023-10-07 18:48:55.973080
76,K,60,D,0.4787,ambiguous,2023-10-07 18:48:55.973080
76,K,60,E,0.1985,benign,2023-10-07 18:48:55.973080
76,K,60,F,0.5799,pathogenic,2023-10-07 18:48:55.973080
76,K,60,G,0.3353,benign,2023-10-07 18:48:55.973080
76,K,60,H,0.3431,ambiguous,2023-10-07 18:48:55.973080
76,K,60,I,0.2553,benign,2023-10-07 18:48:55.973080
76,K,60,L,0.3391,benign,2023-10-07 18:48:55.973080
76,K,60,M,0.2152,benign,2023-10-07 18:48:55.973080
76,K,60,N,0.3234,benign,2023-10-07 18:48:55.973080
76,K,60,P,0.4475,ambiguous,2023-10-07 18:48:55.973080
76,K,60,Q,0.1921,benign,2023-10-07 18:48:55.973080
76,K,60,R,0.1123,benign,2023-10-07 18:48:55.973080
76,K,60,S,0.3672,ambiguous,2023-10-07 18:48:55.973080
76,K,60,T,0.1818,benign,2023-10-07 18:48:55.973080
76,K,60,V,0.2954,benign,2023-10-07 18:48:55.973080
76,K,60,W,0.6121,pathogenic,2023-10-07 18:48:55.973080
76,K,60,Y,0.4113,ambiguous,2023-10-07 18:48:55.973080
76,S,61,A,0.1104,benign,2023-10-07 18:48:55.973080
76,S,61,C,0.1614,benign,2023-10-07 18:48:55.973080
76,S,61,D,0.3878,ambiguous,2023-10-07 18:48:55.973080
76,S,61,E,0.4346,ambiguous,2023-10-07 18:48:55.973080
76,S,61,F,0.1984,benign,2023-10-07 18:48:55.973080
76,S,61,G,0.1455,benign,2023-10-07 18:48:55.973080
76,S,61,H,0.3595,ambiguous,2023-10-07 18:48:55.973080
76,S,61,I,0.2357,benign,2023-10-07 18:48:55.973080
76,S,61,K,0.5475,ambiguous,2023-10-07 18:48:55.973080
76,S,61,L,0.1844,benign,2023-10-07 18:48:55.973080
76,S,61,M,0.2871,benign,2023-10-07 18:48:55.973080
76,S,61,N,0.2642,benign,2023-10-07 18:48:55.973080
76,S,61,P,0.1946,benign,2023-10-07 18:48:55.973080
76,S,61,Q,0.4967,ambiguous,2023-10-07 18:48:55.973080
76,S,61,R,0.4773,ambiguous,2023-10-07 18:48:55.973080
76,S,61,T,0.1177,benign,2023-10-07 18:48:55.973080
76,S,61,V,0.2579,benign,2023-10-07 18:48:55.973080
76,S,61,W,0.1853,benign,2023-10-07 18:48:55.973080
76,S,61,Y,0.1518,benign,2023-10-07 18:48:55.973080
76,G,62,A,0.1377,benign,2023-10-07 18:48:55.973080
76,G,62,C,0.187,benign,2023-10-07 18:48:55.973080
76,G,62,D,0.1671,benign,2023-10-07 18:48:55.973080
76,G,62,E,0.1942,benign,2023-10-07 18:48:55.973080
76,G,62,F,0.4549,ambiguous,2023-10-07 18:48:55.973080
76,G,62,H,0.3113,benign,2023-10-07 18:48:55.973080
76,G,62,I,0.2658,benign,2023-10-07 18:48:55.973080
76,G,62,K,0.2496,benign,2023-10-07 18:48:55.973080
76,G,62,L,0.3668,ambiguous,2023-10-07 18:48:55.973080
76,G,62,M,0.4557,ambiguous,2023-10-07 18:48:55.973080
76,G,62,N,0.277,benign,2023-10-07 18:48:55.973080
76,G,62,P,0.527,ambiguous,2023-10-07 18:48:55.973080
76,G,62,Q,0.2645,benign,2023-10-07 18:48:55.973080
76,G,62,R,0.155,benign,2023-10-07 18:48:55.973080
76,G,62,S,0.1108,benign,2023-10-07 18:48:55.973080
76,G,62,T,0.1841,benign,2023-10-07 18:48:55.973080
76,G,62,V,0.1937,benign,2023-10-07 18:48:55.973080
76,G,62,W,0.2285,benign,2023-10-07 18:48:55.973080
76,G,62,Y,0.3305,benign,2023-10-07 18:48:55.973080
76,K,63,A,0.3292,benign,2023-10-07 18:48:55.973080
76,K,63,C,0.6154,pathogenic,2023-10-07 18:48:55.973080
76,K,63,D,0.446,ambiguous,2023-10-07 18:48:55.973080
76,K,63,E,0.1559,benign,2023-10-07 18:48:55.973080
76,K,63,F,0.6793,pathogenic,2023-10-07 18:48:55.973080
76,K,63,G,0.262,benign,2023-10-07 18:48:55.973080
76,K,63,H,0.3984,ambiguous,2023-10-07 18:48:55.973080
76,K,63,I,0.3527,ambiguous,2023-10-07 18:48:55.973080
76,K,63,L,0.3655,ambiguous,2023-10-07 18:48:55.973080
76,K,63,M,0.2532,benign,2023-10-07 18:48:55.973080
76,K,63,N,0.3369,benign,2023-10-07 18:48:55.973080
76,K,63,P,0.5102,ambiguous,2023-10-07 18:48:55.973080
76,K,63,Q,0.1636,benign,2023-10-07 18:48:55.973080
76,K,63,R,0.0922,benign,2023-10-07 18:48:55.973080
76,K,63,S,0.3487,ambiguous,2023-10-07 18:48:55.973080
76,K,63,T,0.2214,benign,2023-10-07 18:48:55.973080
76,K,63,V,0.362,ambiguous,2023-10-07 18:48:55.973080
76,K,63,W,0.6124,pathogenic,2023-10-07 18:48:55.973080
76,K,63,Y,0.5206,ambiguous,2023-10-07 18:48:55.973080
76,K,64,A,0.4687,ambiguous,2023-10-07 18:48:55.973080
76,K,64,C,0.6861,pathogenic,2023-10-07 18:48:55.973080
76,K,64,D,0.5921,pathogenic,2023-10-07 18:48:55.973080
76,K,64,E,0.189,benign,2023-10-07 18:48:55.973080
76,K,64,F,0.7681,pathogenic,2023-10-07 18:48:55.973080
76,K,64,G,0.4763,ambiguous,2023-10-07 18:48:55.973080
76,K,64,H,0.4465,ambiguous,2023-10-07 18:48:55.973080
76,K,64,I,0.4482,ambiguous,2023-10-07 18:48:55.973080
76,K,64,L,0.4239,ambiguous,2023-10-07 18:48:55.973080
76,K,64,M,0.3106,benign,2023-10-07 18:48:55.973080
76,K,64,N,0.4486,ambiguous,2023-10-07 18:48:55.973080
76,K,64,P,0.6048,pathogenic,2023-10-07 18:48:55.973080
76,K,64,Q,0.1855,benign,2023-10-07 18:48:55.973080
76,K,64,R,0.0953,benign,2023-10-07 18:48:55.973080
76,K,64,S,0.4664,ambiguous,2023-10-07 18:48:55.973080
76,K,64,T,0.3045,benign,2023-10-07 18:48:55.973080
76,K,64,V,0.4276,ambiguous,2023-10-07 18:48:55.973080
76,K,64,W,0.7409,pathogenic,2023-10-07 18:48:55.973080
76,K,64,Y,0.5663,pathogenic,2023-10-07 18:48:55.973080
